equipment_id,exercise_count,exercise_ids
treadmill,3,ea_treadmill_jogging|ea_treadmill_running|ea_treadmill_walk
rowing_machine,3,ea_gym_rowing_machine_fast_speed|ea_gym_rowing_machine_normal_speed|ea_gym_rowing_machine_sprint_speed
squat_rack,39,ea_assisted_pistol_squats|ea_back_and_forward_leg_swings|ea_back_lever|ea_band_kneeling_lat_pulldown|ea_band_pull_up|ea_barbell_box_squat|ea_barbell_front_chest_squat|ea_barbell_front_squats|ea_barbell_full_squat|ea_barbell_full_squat_side_pov|ea_barbell_full_squat_wide|ea_barbell_full_squat_back|ea_barbell_incline_shoulders_press_inside_squat_cage|ea_barbell_low_bar_squat|ea_barbell_narrow_stance_full_squat|ea_barbell_narrow_stance_squat|ea_barbell_quarter_squat|ea_barbell_rack_pull|ea_barbell_seated_military_press|ea_barbell_split_squat|ea_barbell_squat_back_pov|ea_barbell_squat_to_grass|ea_barbell_squat_with_2_sec_hold|ea_commando_pull_up|ea_dead_hang_stretch|ea_dumbbell_one_arm_row_rack_support|ea_dumbbell_single_leg_squat_with_support_pistol|ea_dynamic_leg_swing|ea_elevated_standing_calf_raise|ea_feet_together_barbell_squats|ea_front_lever_raise|ea_front_lever_raise_to_hold|ea_hanging_leg_raises|ea_kipping_pull_up|ea_leaning_dumbbell_lateral_raise|ea_resistance_band_assisted_front_rack_stretch|ea_resistance_band_assisted_push_up|ea_resistance_band_cross_body_single_straight_arm_supinated_pulldown|ea_resistance_band_kneeling_cross_body_single_straight_arm_supinated_pulldown
bench_press,254,ea_alternating_biceps_curl_seated_dumbbells|ea_arnold_press_dumbbell|ea_back_pec_stretch|ea_back_stretch_standing_with_bench|ea_band_bench_press|ea_band_concentration_curl|ea_band_decline_sit_up|ea_band_incline_alternate_hammer_curl|ea_band_incline_bench_press|ea_band_incline_biceps_curl|ea_band_incline_fly|ea_band_incline_hammer_curl|ea_band_incline_hammer_press|ea_band_incline_row|ea_band_incline_t_raise|ea_band_incline_triceps_extension|ea_band_incline_y_raise|ea_band_lying_reverse_grip_row|ea_band_prone_incline_curl|ea_band_prone_incline_hammer_curl|ea_band_reverse_fly|ea_band_reverse_spider_curl|ea_band_rotating_hammer_grip_incline_bench_row|ea_barbell_bench_press|ea_barbell_bench_press_decline|ea_barbell_bench_press_incline|ea_barbell_bench_squats|ea_barbell_close_grip_press|ea_barbell_decline_shrug|ea_barbell_front_chest_bench_squat|ea_barbell_hip_thrust|ea_barbell_hooklying_bench_press|ea_barbell_hooklying_bench_press_close_elbows|ea_barbell_incline_shoulders_press|ea_barbell_inclined_bench_press|ea_barbell_jm_bench_press|ea_barbell_kneeling_squat|ea_barbell_lap_curl|ea_barbell_larsen_bench_press|ea_barbell_lying_extension|ea_barbell_lying_row|ea_barbell_lying_triceps_extension|ea_barbell_lying_triceps_skull_crusher|ea_barbell_lying_triceps_skull_crushers|ea_barbell_one_leg_hip_thrust|ea_barbell_palm_down_wrist_curl_over_a_bench|ea_barbell_pause_incline_bench_press|ea_barbell_pullover_to_triceps_extension|ea_barbell_reverse_close_grip_bench_press|ea_barbell_reverse_grip_bench_press|ea_barbell_reverse_spider_curl|ea_barbell_seated_behind_neck_military_press|ea_barbell_seated_concentration_biceps_curl|ea_barbell_seated_good_morning|ea_barbell_seated_on_knee_calve_raises|ea_barbell_seated_overhead_press|ea_barbell_seated_overhead_triceps_press|ea_barbell_seated_twist|ea_barbell_single_leg_split_squat|ea_barbell_spoto_press|ea_barbell_wide_bench_press|ea_barbell_wrist_curl_on_knees|ea_barbell_wrist_curl_wide_legs|ea_barbell_wrist_extension_on_knees|ea_bench_alternating_step_ups|ea_bench_bulgarian_split_squats_left|ea_bench_bulgarian_split_squats_right|ea_bench_decline_ab_sit_ups|ea_bench_dip_knees_bent|ea_bench_dip_on_floor|ea_bench_knee_tucks|ea_bench_reverse_plank_hold|ea_bench_triceps_dip_leg_curls|ea_bench_triceps_dip_straight_legs|ea_biceps_leg_concentration_curl|ea_bulgarian_split_squat|ea_chest_bench_press_correct_stance|ea_close_grip_barbell_bench_press|ea_concentration_curls_dumbbell|ea_copenhagen_plank|ea_decline_bench_full_sit_up|ea_decline_bent_leg_reverse_crunch|ea_decline_diamond_pike_push_up|ea_decline_levitating_sit_ups_bodyweight|ea_decline_push_up|ea_decline_shoulder_tap|ea_decline_sit_up|ea_decline_sit_ups_dumbbells|ea_dumbbell_alternate_bench_press_high_start|ea_dumbbell_alternate_biceps_curl_version_2|ea_dumbbell_alternate_seated_hammer_curl|ea_dumbbell_arnold_press_seated|ea_dumbbell_around_pullover|ea_dumbbell_bench_press|ea_dumbbell_bench_seated_press|ea_dumbbell_bench_squat|ea_dumbbell_bent_arm_pullover|ea_dumbbell_bulgarian_split_squat|ea_dumbbell_chest_press_decline|ea_dumbbell_chest_press_flat|ea_dumbbell_chest_press_incline_bench|ea_dumbbell_chest_pull_over|ea_dumbbell_chest_supported_lateral_raises|ea_dumbbell_chest_supported_y_raise|ea_dumbbell_decline_alternate_bench_press|ea_dumbbell_decline_bench_press|ea_dumbbell_decline_close_neutral_grip_press|ea_dumbbell_decline_fly|ea_dumbbell_decline_hammer_press|ea_dumbbell_decline_one_arm_hammer_press|ea_dumbbell_decline_overhead_sit_up|ea_dumbbell_decline_shrug|ea_dumbbell_decline_sit_up|ea_dumbbell_decline_triceps_pull_over_extension|ea_dumbbell_decline_twist_fly|ea_dumbbell_face_down_lying_shoulder_pres|ea_dumbbell_face_down_lying_shoulder_press|ea_dumbbell_figure_four_hip_thrust|ea_dumbbell_fly_flat_bench|ea_dumbbell_fly_flat_bench_slow|ea_dumbbell_fly_incline_bench|ea_dumbbell_hammer_grip_incline_bench_two_arm_row|ea_dumbbell_hex_press|ea_dumbbell_hip_thrust|ea_dumbbell_hip_thrust_version_2|ea_dumbbell_incline_alternate_bicep_curl|ea_dumbbell_incline_alternate_curl|ea_dumbbell_incline_alternate_hammer_curl|ea_dumbbell_incline_alternate_press|ea_dumbbell_incline_bench_press|ea_dumbbell_incline_biceps_simultaneous_curl|ea_dumbbell_incline_breeding|ea_dumbbell_incline_fly|ea_dumbbell_incline_front_raise|ea_dumbbell_incline_hammer_shoulder_press|ea_dumbbell_incline_hammer_simultaneous_curl|ea_dumbbell_incline_lying_front_raise|ea_dumbbell_incline_one_arm_lateral_raise|ea_dumbbell_incline_one_arm_press|ea_dumbbell_incline_palms_back_press|ea_dumbbell_incline_rear_lateral_raise|ea_dumbbell_incline_row|ea_dumbbell_incline_shrug|ea_dumbbell_incline_simultaneous_curl|ea_dumbbell_incline_squeeze_press|ea_dumbbell_incline_svend_close_grip_press|ea_dumbbell_incline_triceps_extension|ea_dumbbell_incline_twisted_fly|ea_dumbbell_incline_two_arm_extension|ea_dumbbell_kickback|ea_dumbbell_laying_30_degree_shrug|ea_dumbbell_laying_silverback_shrug|ea_dumbbell_leaning_fly|ea_dumbbell_lying_one_arm_neutral_triceps_extension|ea_dumbbell_lying_one_arm_rear_lateral_raise|ea_dumbbell_lying_rear_delt_row|ea_dumbbell_lying_rear_lateral_raise|ea_dumbbell_lying_supine_curl|ea_dumbbell_lying_triceps_extension|ea_dumbbell_one_arm_reverse_wrist_curl|ea_dumbbell_one_arm_seated_neutral_wrist_curl|ea_dumbbell_one_arm_triceps_extension_on_bench|ea_dumbbell_one_arm_wide_grip_bench_press|ea_dumbbell_one_arm_wrist_curl|ea_dumbbell_one_arm_zottman_preacher_curl|ea_dumbbell_over_bench_reverse_wrist_curl|ea_dumbbell_over_bench_wrist_curl|ea_dumbbell_overhead_extension_seated|ea_dumbbell_pronate_grip_triceps_extension|ea_dumbbell_prone_incline_curl|ea_dumbbell_prone_incline_hammer_curl|ea_dumbbell_pullover|ea_dumbbell_pullover_version_2|ea_dumbbell_rear_delt_row|ea_dumbbell_reverse_fly|ea_dumbbell_reverse_spider_curl|ea_dumbbell_reverse_wrist_curl|ea_dumbbell_seated_alternate_front_raise|ea_dumbbell_seated_alternate_press|ea_dumbbell_seated_alternate_shoulder_press|ea_dumbbell_seated_bench_extension|ea_dumbbell_seated_calf_raise|ea_dumbbell_seated_curl|ea_dumbbell_seated_front_raise|ea_dumbbell_seated_hammer_curl|ea_dumbbell_seated_kickback|ea_dumbbell_seated_lateral_raise|ea_dumbbell_seated_neutral_wrist_curl|ea_dumbbell_seated_one_leg_calf_raise_hammer_grip|ea_dumbbell_seated_reverse_close_grip_press|ea_dumbbell_seated_reverse_grip_concentration_curl|ea_dumbbell_seated_shoulder_press|ea_dumbbell_seated_shoulder_press_parallel_grip|ea_dumbbell_seated_zottman_curl|ea_dumbbell_side_lying_one_hand_raise|ea_dumbbell_single_leg_hip_thrust|ea_dumbbell_single_leg_split_squat|ea_dumbbell_skullcrusher|ea_dumbbell_staggered_hip_thrust|ea_dumbbell_standing_one_arm_curl_over_incline_bench|ea_dumbbell_step_up_on_bench|ea_dumbbell_step_up_with_knee_raise|ea_dumbbell_tate_press|ea_dumbbells_single_arm_row|ea_elbow_lift_reverse_push_up|ea_ez_bar_seated_wrist_curl|ea_ez_barbell_anti_gravity_press|ea_hold_the_world_med_ball_chest_press|ea_incline_diamond_push_up_on_bench|ea_incline_dumbbell_curl|ea_incline_lateral_raises_dumbbell|ea_kettlebell_concentration_curl|ea_kettlebell_hip_thrusts_with_bench|ea_kettlebell_incline_shrug|ea_kettlebell_preacher_curl|ea_kettlebell_pullover|ea_kettlebell_seated_calf_raise|ea_kettlebell_single_arm_chest_fly|ea_kettlebell_single_leg_hip_thrust|ea_kettlebell_skull_crusher|ea_lateral_raises_dumbbell_seated_with_swing|ea_laying_lateral_raise|ea_lying_bench_external_shoulder_rotation|ea_lying_bench_internal_rotation_stretch|ea_lying_neck_curls|ea_one_arm_reverse_dumbbell_fly|ea_plate_press|ea_prone_bench_row_barbell_pronate_grip|ea_prone_bench_row_barbell_reverse_grip|ea_prone_bench_row_dumbbells|ea_prone_bench_row_dumbbells_pronated_grip|ea_prone_bench_row_dumbbells_supinated_grip|ea_prone_front_raises_barbell_on_bench|ea_prone_front_raises_dumbbell_on_bench|ea_pyramid_prayer|ea_resistance_band_seated_hip_abduction|ea_seated_calf_raises_dumbbell_on_knee|ea_seated_dumbbell_neutral_grip_front_raises|ea_seated_dumbbell_neutral_grip_side_raises|ea_seated_dumbbell_one_arm_shoulder_press|ea_seated_dumbbell_rear_delt_fly|ea_seated_flutter_kicks|ea_seated_shoulder_press_barbell|ea_seated_side_stretch|ea_sissy_squat_bodyweight|ea_spider_curl_barbell|ea_spider_curl_dumbbells_simultaneous|ea_svend_press_decline_bench|ea_svend_press_flat_bench|ea_svend_press_incline_bench|ea_wrist_curl_barbell|ea_wrist_curl_dumbbell|ea_wrist_extension_barbell|ea_wrist_extension_dumbbell
cable_machine,110,ea_band_hip_adduction|ea_bicep_curl_low_cable_machine_normal_grip|ea_biceps_curl_cable|ea_biceps_curl_cable_wide_grip|ea_biceps_curl_cable_wide_grip_crossover_machine|ea_cable_30_degree_shrug|ea_cable_alternate_triceps_extension|ea_cable_assisted_inverse_leg_curl|ea_cable_bench_fly_press|ea_cable_bent_over_one_arm_lateral_raise|ea_cable_bent_over_reverse_grip_row|ea_cable_bent_over_row|ea_cable_biceps_curl_ez_bar|ea_cable_calve_raise|ea_cable_close_grip_curl|ea_cable_core_palloff_press|ea_cable_cross_pushdown|ea_cable_face_pull_with_rope|ea_cable_front_raises_straight_bar|ea_cable_goblet_squat|ea_cable_hamstring_curl|ea_cable_individual_glute_kickbacks|ea_cable_lat_prayer|ea_cable_lateral_raises|ea_cable_leaning_lateral_raise|ea_cable_low_fly|ea_cable_low_seated_row|ea_cable_lying_extension_pullover_with_cables_attachment|ea_cable_lying_fly|ea_cable_lying_triceps_extension|ea_cable_lying_triceps_extension_low|ea_cable_machine_low_to_high|ea_cable_middle_fly|ea_cable_narrow_chair_stand_up|ea_cable_neutral_grip_kickback|ea_cable_one_arm_bent_over_row|ea_cable_one_arm_chest_fly_bent|ea_cable_one_arm_curl|ea_cable_one_arm_front_raise|ea_cable_one_arm_inner_biceps_curl|ea_cable_overhead_curl|ea_cable_overhead_extension_rope|ea_cable_palm_rotational_row|ea_cable_preacher_curl|ea_cable_pull_in_kneeling|ea_cable_pull_through|ea_cable_pushdown|ea_cable_pushdown_straight_arm|ea_cable_rear_delt_fly|ea_cable_rear_drive|ea_cable_rear_drive_bent_arm|ea_cable_reverse_curl|ea_cable_reverse_fly_on_crossover|ea_cable_reverse_grip_pushdown|ea_cable_reverse_grip_triceps_push_down_straight_bar_on_crossover|ea_cable_reverse_grip_triceps_pushdown_ez_bar|ea_cable_reverse_grip_triceps_pushdown_back_side_pov|ea_cable_seated_on_floor_row|ea_cable_seated_one_arm_alternate_row|ea_cable_seated_rear_lateral_raise|ea_cable_seated_row|ea_cable_seated_supine_grip_row|ea_cable_silverback_shrug|ea_cable_single_arm_reverse_fly|ea_cable_single_leg_deadlift|ea_cable_split_squat|ea_cable_standing_crunch|ea_cable_standing_leg_extension|ea_cable_standing_up_straight_crossovers|ea_cable_straight_arm_pulldown|ea_cable_triceps_overhead_extension_ez_bar|ea_cable_triceps_push_down_elbow_out_v_bar|ea_cable_triceps_push_down_ez_bar|ea_cable_triceps_push_down_ez_bar_close_grip|ea_cable_triceps_push_down_ez_bar_wide_grip|ea_cable_triceps_push_down_straight_bar|ea_cable_triceps_push_down_v_bar|ea_cable_twin_handle_parallel_grip_lat_pulldown|ea_cable_twist|ea_cable_twist_up_down|ea_cable_twisting_biceps_curl|ea_cable_twisting_overhead_press|ea_cable_twisting_pull|ea_cable_upper_chest_crossover|ea_cable_upright_row_with_ez_bar|ea_cable_upright_row_with_straight_bar|ea_cable_wrist_curl|ea_cable_wrist_extension|ea_cable_y_raise|ea_chest_press_high_to_low_cable_resistance_band|ea_diagonal_chop_cable|ea_ez_bar_cable_curl_wide_grip|ea_ez_bar_cable_curl_wide_grip_crossover_machine|ea_flat_bench_cable_fly|ea_high_cable_kneeling_crunch|ea_incline_bench_cable_fly|ea_lateral_raises_on_cable_machine|ea_low_cable_overhead_flyes|ea_low_resistance_band_lying_bicep_curl|ea_low_resistance_band_lying_bicep_curl_half_repetition|ea_single_arm_cable_row_left|ea_single_arm_cable_row_right|ea_single_arm_standing_low_cable_row|ea_single_leg_romanian_deadlifts_right_cable_resistance_band|ea_standing_cable_hip_flexion|ea_standing_cable_oblique_twist|ea_standing_lat_cable_pull_over|ea_straight_arm_cable_lat_pull_down|ea_tricep_cable_kickback_on_crossover_machine|ea_tricep_rope_extension_on_crossover_machine
leg_press,11,ea_calf_raise_leg_press_machine|ea_horizontal_leg_press|ea_horizontal_leg_press_calf_raise|ea_horizontal_leg_press_calf_raise_single_leg|ea_horizontal_leg_press_single_leg|ea_leg_press_machine_close_stance|ea_leg_press_machine_normal_stance|ea_leg_press_wide_high_stance|ea_leg_press_wide_high_stance_behind_view|ea_single_leg_calf_raise_leg_press_machine|ea_single_leg_incline_45_degree_leg_press_machine
lat_pulldown,16,ea_behind_neck_lat_pull_down_machine|ea_cable_bar_lateral_pulldown|ea_cable_close_grip_front_lat_pulldown|ea_cable_one_arm_lat_pulldown|ea_cable_pulldown|ea_cable_pulldown_pro_lat_bar|ea_cable_rear_pulldown|ea_cable_reverse_grip_straight_back_seated_high_row|ea_cable_underhand_pulldown_wide_grips|ea_lat_pull_down_close_grip|ea_lat_pull_down_normal_grip|ea_lat_pull_down_wide_grip|ea_push_pull_chair_over_head_pull|ea_reverse_grip_lat_pull_down|ea_straight_bar_cable_pull_down|ea_v_bar_lat_pull_down
barbell,165,ea_assisted_bulgarian_split_squat|ea_barbell_alternate_biceps_curl|ea_barbell_back_wide_shrug|ea_barbell_back_wide_shrugs|ea_barbell_behind_neck_push_press|ea_barbell_behind_the_back_push_press_single_arm_balance|ea_barbell_bench_lateral_step_up|ea_barbell_bent_over_reverse_raise_skier|ea_barbell_bent_over_row_pronated_grip|ea_barbell_bent_over_row_supinated_grip|ea_barbell_bicep_curl_close_grip|ea_barbell_bicep_curl_normal_grip|ea_barbell_bicep_curl_wide_grip|ea_barbell_biceps_curl|ea_barbell_bulgarian_split_squat|ea_barbell_bulgarian_split_squat_left_front_back_view|ea_barbell_bulgarian_split_squat_left_side_view|ea_barbell_calf_jump|ea_barbell_clean_and_jerk|ea_barbell_clean_and_jerk_split_squat|ea_barbell_clean_and_press|ea_barbell_clean_deadlift|ea_barbell_clean_grip_front_squat|ea_barbell_clean_pull|ea_barbell_coan_deadlift|ea_barbell_curl|ea_barbell_curtsy_lunges|ea_barbell_deadlift|ea_barbell_deadlift_front_pov|ea_barbell_deadlift_side_pov|ea_barbell_deadlift_360_degrees|ea_barbell_deadlift_high_pull|ea_barbell_drag_biceps_curl|ea_barbell_drag_curl|ea_barbell_feet_elevated_figure_four_glute_bridge|ea_barbell_feet_elevated_glute_bridge|ea_barbell_feet_elevated_single_leg_glute_bridge|ea_barbell_feet_elevated_staggered_glute_bridge|ea_barbell_floor_chest_press|ea_barbell_front_chest_lunges|ea_barbell_front_lunges_with_small_pause|ea_barbell_front_rack_lunge|ea_barbell_full_clean|ea_barbell_full_zercher_squat|ea_barbell_glute_bridge|ea_barbell_glute_bridge_hands_on_bar|ea_barbell_good_morning|ea_barbell_hang_clean|ea_barbell_jefferson_split_squat|ea_barbell_jefferson_squat|ea_barbell_jump_shrug|ea_barbell_jump_squat|ea_barbell_kas_glute_bridge|ea_barbell_landmine_chest_press|ea_barbell_landmine_side_bend|ea_barbell_lateral_lunges|ea_barbell_long_landmine_row|ea_barbell_lunges|ea_barbell_lunges_on_the_spot|ea_barbell_meadows_row|ea_barbell_muscle_clean|ea_barbell_one_arm_single_deadlift|ea_barbell_overhead_lunges|ea_barbell_overhead_shrug|ea_barbell_overhead_squat|ea_barbell_pause_lunge|ea_barbell_pendlay_row|ea_barbell_power_clean|ea_barbell_power_clean_from_blocks|ea_barbell_power_jerk|ea_barbell_power_snatch|ea_barbell_press_under|ea_barbell_push_bent_over_row|ea_barbell_rear_delt_raise|ea_barbell_rear_lunge_on_box|ea_barbell_rear_lunges|ea_barbell_reverse_biceps_curl|ea_barbell_reverse_deadlift|ea_barbell_reverse_grip_bent_over_row|ea_barbell_rollout|ea_barbell_seated_twist_on_exercise_ball|ea_barbell_shrugs|ea_barbell_side_bends|ea_barbell_side_split_squat|ea_barbell_side_step_up|ea_barbell_silverback_shrug|ea_barbell_single_arm_biceps_curl|ea_barbell_single_leg_deadlift|ea_barbell_situp|ea_barbell_snatch|ea_barbell_snatch_balance|ea_barbell_snatch_deadlift_close_grip|ea_barbell_snatch_deadlift_wide_grip|ea_barbell_snatch_from_blocks|ea_barbell_snatch_pull|ea_barbell_split_clean|ea_barbell_split_jerk|ea_barbell_staggered_deadlift|ea_barbell_standing_back_wrist_curl|ea_barbell_standing_close_grip_curl|ea_barbell_standing_close_grip_military_press|ea_barbell_standing_concentration_curl|ea_barbell_standing_leg_calf_raises|ea_barbell_standing_military_press|ea_barbell_standing_overhead_triceps_extension|ea_barbell_standing_shoulder_press|ea_barbell_standing_twist|ea_barbell_standing_wide_grip_biceps_curls|ea_barbell_standing_wide_grip_military_press|ea_barbell_step_up_balance_on_box|ea_barbell_step_up_on_bench|ea_barbell_stiff_leg_deadlift|ea_barbell_straight_leg_deadlift|ea_barbell_sumo_deadlift|ea_barbell_sumo_romanian_deadlift|ea_barbell_thruster|ea_barbell_underhand_bent_over_row|ea_barbell_wide_grip_biceps_curl|ea_barbell_wide_grip_upright_row|ea_barbell_wide_shrug|ea_barbell_z_press|ea_barbell_zercher_good_morning|ea_bent_over_barbell_row|ea_bent_over_twist|ea_bent_over_row_with_bar|ea_cluster|ea_front_raises_barbell|ea_front_shoulder_stretch_with_bar|ea_good_mornings_barbell|ea_landmine_alternating_lunge_and_twist|ea_landmine_alternating_lunge_to_chest_press|ea_landmine_alternating_single_arm_press|ea_landmine_bicep_curl|ea_landmine_calf_raise|ea_landmine_chest_press|ea_landmine_concentration_curl|ea_landmine_curtsy_lunge|ea_landmine_glute_kick_back|ea_landmine_goblet_curtsy_lunge|ea_landmine_goblet_lateral_lunge|ea_landmine_hack_squat|ea_landmine_half_kneeling_single_arm_overhead_press|ea_landmine_hollow_hold|ea_landmine_kneeling_alternating_overhead_press|ea_landmine_kneeling_overhead_press|ea_landmine_kneeling_twist|ea_landmine_lateral_lunge|ea_landmine_lateral_raise|ea_landmine_lunge_to_overhead_press|ea_landmine_lying_tricep_extension|ea_landmine_oblique_twist|ea_landmine_overhead_press|ea_landmine_romanian_deadlift|ea_landmine_rotational_lift_to_press|ea_landmine_row|ea_landmine_russian_twist|ea_landmine_seated_alternating_overhead_press|ea_landmine_seated_overhead_press|ea_landmine_seated_single_arm_overhead_press|ea_landmine_single_arm_push_press|ea_landmine_single_arm_staggered_overhead_press|ea_landmine_squat_and_press|ea_reverse_curl_barbell|ea_romanian_deadlift_barbell|ea_upright_row_barbell
dumbbell,209,ea_alternate_biceps_curl_standing_dumbbells|ea_alternate_hammer_curl_standing_dumbbells|ea_bent_over_rear_delt_fly_dumbbell|ea_deep_push_up|ea_drag_curl_dumbbell|ea_dumbbell_ab_crunch|ea_dumbbell_alternate_biceps_curl|ea_dumbbell_alternate_shoulder_press|ea_dumbbell_alternate_side_press|ea_dumbbell_alternating_arnold_press|ea_dumbbell_alternating_pendlay_row|ea_dumbbell_armpit_row|ea_dumbbell_arnold_press_version_2|ea_dumbbell_around_the_world|ea_dumbbell_bar_grip_sumo_squat|ea_dumbbell_bent_arm_lateral_raise|ea_dumbbell_bent_over_face_pull|ea_dumbbell_bent_over_reverse_row|ea_dumbbell_bicep_curl_to_shoulder_press|ea_dumbbell_biceps_curl_with_overhead_extension_on_stability_ball|ea_dumbbell_bulgarian_box_split_squat|ea_dumbbell_close_grip_shoulder_press_sit_up|ea_dumbbell_close_legs_deadlift|ea_dumbbell_close_grip_simultaneous_curl|ea_dumbbell_cossack_squats_version_2|ea_dumbbell_cross_body_hammer_curl_version_2|ea_dumbbell_crunch_hold_with_legs_off|ea_dumbbell_cuban_press_version_2|ea_dumbbell_curl_press_extend|ea_dumbbell_curls|ea_dumbbell_curls_alternating|ea_dumbbell_curtsy_lunge|ea_dumbbell_diagonal_chop|ea_dumbbell_drag_over_shoulder_bicep_curl|ea_dumbbell_elbow_side_plank|ea_dumbbell_external_rotatio|ea_dumbbell_external_rotation|ea_dumbbell_farmer_walks|ea_dumbbell_feet_elevated_figure_four_glute_bridge|ea_dumbbell_feet_elevated_glute_bridge|ea_dumbbell_figure_four_glute_bridge|ea_dumbbell_floor_fly|ea_dumbbell_frog_jumps|ea_dumbbell_front_rack_lunge|ea_dumbbell_front_raise|ea_dumbbell_front_raise_version_2|ea_dumbbell_front_squat|ea_dumbbell_glute_bridge|ea_dumbbell_goblet_2_sec_hold_squat|ea_dumbbell_goblet_curtsy_lunge|ea_dumbbell_goblet_forward_lunge|ea_dumbbell_goblet_good_morning|ea_dumbbell_goblet_reverse_lunge|ea_dumbbell_goblet_split_squat|ea_dumbbell_goblet_split_squat_front_foot_elevanted|ea_dumbbell_goblet_squat|ea_dumbbell_half_biceps_curl_for_21s|ea_dumbbell_half_kneeling_military_press|ea_dumbbell_half_kneeling_wood_chopper|ea_dumbbell_hammer_curl|ea_dumbbell_hammer_curl_simultaneous_arms|ea_dumbbell_hammer_strict_curl|ea_dumbbell_hand_side_plank|ea_dumbbell_hang_power_clean|ea_dumbbell_high_curl|ea_dumbbell_incline_fly_on_exercise_ball|ea_dumbbell_iron_cross|ea_dumbbell_jumping_squat|ea_dumbbell_knee_lawnmower_row|ea_dumbbell_kneeling_arnold_press|ea_dumbbell_kneeling_hold_to_stand_clean_grip|ea_dumbbell_kneeling_squat|ea_dumbbell_kneeling_wood_chopper|ea_dumbbell_lateral_to_front_raise|ea_dumbbell_low_windmill|ea_dumbbell_lunge_alternating_on_the_spot|ea_dumbbell_lunge_pulse|ea_dumbbell_lunge_to_overhead_press|ea_dumbbell_lying_external_shoulder_rotation|ea_dumbbell_lying_on_floor_chest_press|ea_dumbbell_lying_pronation_rotation_on_floor|ea_dumbbell_lying_triceps_extension_on_floor|ea_dumbbell_narrow_stance_squats|ea_dumbbell_offset_squat|ea_dumbbell_one_arm_floor_fly|ea_dumbbell_one_arm_floor_press|ea_dumbbell_one_arm_front_raise|ea_dumbbell_one_arm_kickback|ea_dumbbell_one_arm_lateral_raise|ea_dumbbell_one_arm_low_fly|ea_dumbbell_one_arm_shoulder_press_version_2|ea_dumbbell_one_arm_snatch|ea_dumbbell_overhead_extension_standing|ea_dumbbell_overhead_lunge|ea_dumbbell_overhead_side_bend|ea_dumbbell_overhead_sit_up|ea_dumbbell_pendlay_row|ea_dumbbell_plank_pullthrough|ea_dumbbell_preacher_curl_over_exercise_ball|ea_dumbbell_press_squat|ea_dumbbell_pullover_hip_extension_on_exercise_ball|ea_dumbbell_pullover_on_floor|ea_dumbbell_push_press|ea_dumbbell_rdl_stretch_isometric|ea_dumbbell_rear_full_shrugs|ea_dumbbell_rear_lateral_raise|ea_dumbbell_rear_lunge|ea_dumbbell_rear_lunge_from_step|ea_dumbbell_renegade_row|ea_dumbbell_reverse_grip_biceps_curl|ea_dumbbell_reverse_lunge_on_the_spot|ea_dumbbell_reverse_lunges_pulses|ea_dumbbell_romanian_deadlift|ea_dumbbell_russian_twist_with_legs_floor_off|ea_dumbbell_scott_press|ea_dumbbell_scott_press_360_degrees|ea_dumbbell_seated_on_exercise_ball_shoulder_press|ea_dumbbell_shoulder_extension|ea_dumbbell_shrugs|ea_dumbbell_side_bend|ea_dumbbell_side_lunge_alternating|ea_dumbbell_side_lunge_left_n_right|ea_dumbbell_side_lunge_single_leg|ea_dumbbell_side_plank_up_down|ea_dumbbell_side_plank_with_rear_fly|ea_dumbbell_side_squat_side_to_side|ea_dumbbell_silverback_shrug|ea_dumbbell_simultaneous_biceps_curl|ea_dumbbell_single_arm_floor_press|ea_dumbbell_single_arm_floor_press_from_close_elbow|ea_dumbbell_single_arm_overhead_carry|ea_dumbbell_single_arm_overhead_lunge|ea_dumbbell_single_arm_starfish_crunch|ea_dumbbell_single_arm_underhand_front_raise|ea_dumbbell_single_arm_upright_row|ea_dumbbell_single_leg_calf_raise_wall_support|ea_dumbbell_single_leg_deadlift|ea_dumbbell_single_leg_glute_bridge|ea_dumbbell_single_leg_single_arm_deadlift|ea_dumbbell_single_leg_squat|ea_dumbbell_single_leg_step_up|ea_dumbbell_split_squat|ea_dumbbell_squats|ea_dumbbell_squats_to_shoulder_press|ea_dumbbell_staggered_deadlift|ea_dumbbell_staggered_glute_bridge|ea_dumbbell_standing_alternate_overhead_press|ea_dumbbell_standing_alternate_raise|ea_dumbbell_standing_alternate_vertical_front_raises|ea_dumbbell_standing_behind_back_shoulders_press|ea_dumbbell_standing_both_arms_kickback|ea_dumbbell_standing_calf_raise|ea_dumbbell_standing_calf_raise_on_step|ea_dumbbell_standing_concentration_curl|ea_dumbbell_standing_curl_arnold_press|ea_dumbbell_standing_front_raise_above_head|ea_dumbbell_standing_hammer_drag_curl|ea_dumbbell_standing_hip_abduction|ea_dumbbell_standing_one_arm_concentration_curl|ea_dumbbell_standing_one_arm_extension|ea_dumbbell_standing_overhead_press|ea_dumbbell_standing_palms_in_press|ea_dumbbell_standing_reverse_curl|ea_dumbbell_standing_simultaneous_biceps_curl|ea_dumbbell_standing_single_arm_cross_raise|ea_dumbbell_standing_single_leg_calf_raise|ea_dumbbell_standing_triceps_extension|ea_dumbbell_standing_wide_simultaneous_biceps_curl|ea_dumbbell_standing_wrist_curl|ea_dumbbell_starfish_crunch_alternating|ea_dumbbell_static_lunge|ea_dumbbell_stiff_leg_deadlift|ea_dumbbell_straight_arm_crunch|ea_dumbbell_straight_arm_twisting_sit_up|ea_dumbbell_straight_leg_deadlift|ea_dumbbell_straight_leg_russian_twist|ea_dumbbell_suitcase_carry|ea_dumbbell_suitcase_crunch|ea_dumbbell_sumo_squat_off_benches|ea_dumbbell_svend_press|ea_dumbbell_swing|ea_dumbbell_triceps_kick_back_single_arm|ea_dumbbell_upright_shoulder_external_rotatio|ea_dumbbell_upright_shoulder_external_rotation|ea_dumbbell_v_up|ea_dumbbell_w_press|ea_dumbbell_waiter_biceps_curl|ea_dumbbell_zottman_curl|ea_dumbbells_bent_over_row|ea_dumbbells_bent_over_row_pronated_grip|ea_dumbbells_plank_to_alternating_row|ea_dumbbells_triceps_kick_back_both_arms|ea_dumbell_burpee|ea_front_squats_dumbbell_low|ea_front_squats_dumbbell_over_shoulders|ea_good_mornings_dumbbells|ea_lateral_raises_dumbbell|ea_lawnmower_row|ea_narrow_stance_heels_elevated_dumbbell_goblet_squats|ea_over_weight_ab_crunch|ea_plank_iytw|ea_pushup_to_renegade_row|ea_single_dumbbell_biceps_curls|ea_single_leg_romanian_deadlift_dumbbell|ea_standing_arnold_press_dumbbell|ea_standing_dumbbell_alternate_shoulder_press|ea_standing_front_raise_dumbbell|ea_standing_shoulder_press_dumbbell|ea_upright_row_dumbbell
kettlebell,61,ea_double_kettlebell_sled_push|ea_goblet_kettlebell_squats|ea_good_mornings_kettlebell|ea_kettlebell_bulgarian_split_squat_right|ea_kettlebell_bulgarian_split_squat_right_side_view|ea_kettlebell_calf_raise|ea_kettlebell_curl|ea_kettlebell_decline_skull_crusher|ea_kettlebell_front_raise|ea_kettlebell_glute_bridge|ea_kettlebell_goblet_curl|ea_kettlebell_gorilla_row|ea_kettlebell_half_kneeling_shoulder_press|ea_kettlebell_hip_thrusts|ea_kettlebell_kneeling_one_arm_shoulder_press|ea_kettlebell_lateral_lunge|ea_kettlebell_long_lever_lateral_raise|ea_kettlebell_rear_delt_row|ea_kettlebell_reverse_lunge|ea_kettlebell_row|ea_kettlebell_seesaw_press|ea_kettlebell_shoulder_extension|ea_kettlebell_shrug|ea_kettlebell_silverback_shrug|ea_kettlebell_single_arm_clean_and_press|ea_kettlebell_single_arm_curl|ea_kettlebell_single_arm_lateral_raise|ea_kettlebell_single_arm_rear_delt_fly|ea_kettlebell_single_arm_row|ea_kettlebell_single_leg_calf_raise|ea_kettlebell_single_leg_deadlift|ea_kettlebell_single_leg_glute_bridge|ea_kettlebell_single_leg_glute_bridge_pullover|ea_kettlebell_single_leg_romanian_deadlifts|ea_kettlebell_situp_press|ea_kettlebell_sled_drag|ea_kettlebell_snatch|ea_kettlebell_split_squat|ea_kettlebell_squats|ea_kettlebell_staggered_deadlift|ea_kettlebell_standing_bottoms_up_one_arm_shoulder_press|ea_kettlebell_standing_tricep_extension|ea_kettlebell_step_up|ea_kettlebell_strict_press|ea_kettlebell_suitcase_squat|ea_kettlebell_sumo_deadlift|ea_kettlebell_sumo_deadlift_with_high_pull|ea_kettlebell_sumo_squat|ea_kettlebell_sumo_squat_version_2|ea_kettlebell_sumo_squat_off_stepbox|ea_kettlebell_swing|ea_kettlebell_swing_version_2|ea_kettlebell_thruster|ea_kettlebell_turkish_get_up|ea_kettlebell_upright_row|ea_kettlebell_walkover_pushup|ea_kettlebell_windmill|ea_kettlebell_wrist_curl|ea_kettlebell_wrist_extension|ea_single_kettlebell_deadlift|ea_single_kettlebell_sled_push
elliptical,3,ea_gym_elliptical_machine_fast_speed|ea_gym_elliptical_machine_normal_speed|ea_gym_elliptical_machine_sprint_speed
exercise_bike,1,ea_stationary_exercise_bike
recumbent_bike,0,
stair_climber,1,ea_stepmill_machine_steps
air_bike,3,ea_assault_airbike_fast_speed|ea_assault_airbike_normal_speed|ea_assault_airbike_sprint_speed
ski_erg,14,ea_ski_ergometer_cross_country_ski_alternating_arm_pull|ea_ski_ergometer_cross_country_ski_alternating_arm_pulls|ea_ski_ergometer_cross_country_ski_basic_pull|ea_ski_ergometer_cross_country_ski_face_biceps_curl_pull|ea_ski_ergometer_cross_country_ski_flyes|ea_ski_ergometer_cross_country_ski_jump_squat_pull|ea_ski_ergometer_cross_country_ski_kneeling_reverse_fly_pull|ea_ski_ergometer_cross_country_ski_pullover_pull|ea_ski_ergometer_cross_country_ski_reverse_fly_pull|ea_ski_ergometer_cross_country_ski_reverse_lunge_pull|ea_ski_ergometer_cross_country_ski_reverse_triceps_extension_pull|ea_ski_ergometer_cross_country_ski_squat_pull_half_circles|ea_ski_ergometer_cross_country_ski_squat_wide_lat_pull|ea_ski_ergometer_cross_country_ski_triceps_extension_pull
smith_machine,15,ea_band_kneeling_single_arm_high_row|ea_band_skullcrusher|ea_barbell_full_squat_with_rack|ea_barbell_smith_chest_press|ea_hip_thrust_in_smith_machine|ea_inverted_rows_on_smith_machine|ea_normal_squat_smith_machine|ea_smith_machine_bulgarian_split_squat|ea_smith_machine_calf_raise|ea_smith_machine_narrow_stance_heels_elevated_squats|ea_smith_machine_press_decline|ea_smith_machine_press_flat|ea_smith_machine_press_incline|ea_smith_machine_shoulder_press|ea_standing_calf_raises_smith_machine
hack_squat_machine,2,ea_calf_raise_on_hack_squat_machine|ea_hack_squat_machine_squat
leg_extension,4,ea_lever_leg_extension|ea_seated_leg_extension_single_leg|ea_seated_leg_extension_alternate_legs|ea_seated_leg_extension_both_legs
leg_curl,8,ea_hammer_strength_iso_lateral_leg_curl_alternating_legs|ea_hammer_strength_iso_lateral_leg_curl_alternate_legs|ea_hammer_strength_iso_lateral_leg_curl_both_leg|ea_hammer_strength_iso_lateral_leg_curl_single_leg|ea_kneeling_leg_curl_machine|ea_lying_leg_curl_machine|ea_mts_iso_lateral_kneeling_leg_curl|ea_seated_leg_curl_machine
hip_abductor_adductor,4,ea_multi_hip_abduction|ea_multi_hip_adduction|ea_seated_hip_abductor_machine|ea_seated_machine_hip_adductor
glute_kickback_machine,0,
calf_raise_machine,1,ea_seated_calf_machine
chest_press_machine,12,ea_chest_press_machine|ea_hammer_strength_mts_iso_lateral_decline_press_alternate_arms|ea_hammer_strength_mts_iso_lateral_decline_press_alternating_arms|ea_hammer_strength_mts_iso_lateral_decline_press_both_arms|ea_hammer_strength_mts_iso_lateral_decline_press_single_arm|ea_hammer_strength_plate_loaded_combination_iso_lateral_chest_chest_press|ea_hammer_strength_plate_loaded_combination_iso_lateral_chest_chest_press_alternate_arm|ea_hammer_strength_plate_loaded_combination_iso_lateral_chest_chest_press_alternating_arms|ea_hammer_strength_plate_loaded_combination_iso_lateral_chest_chest_press_single_arm|ea_machine_chest_press_decline|ea_machine_chest_press_incline|ea_push_pull_front_handle_push
pec_deck,4,ea_machine_fly|ea_pec_deck_fly_machine|ea_pec_deck_fly_machine_flies|ea_reverse_machine_fly
shoulder_press_machine,3,ea_iso_lateral_shoulder_press_alternate_arms|ea_iso_lateral_shoulder_press_both_arms|ea_iso_lateral_shoulder_press_single_arm
seated_row_machine,8,ea_hammer_strength_plate_loaded_high_row_alternate_arms|ea_hammer_strength_plate_loaded_high_row_both_arms|ea_hammer_strength_plate_loaded_high_row_single_arm|ea_seated_cable_row_v_bar_machine|ea_seated_normal_grip_row_machine|ea_seated_row_machine_rows|ea_straight_bar_cable_row_close_grip|ea_straight_bar_cable_row_normal_grip
t_bar_row,0,
assisted_pullup_machine,9,ea_assisted_chin_up_normal_width_reverse_grip|ea_assisted_chin_up_reverse_close_grip|ea_assisted_chin_up_reverse_wide_grip|ea_assisted_close_grip_underhand_chin_up|ea_assisted_parallel_close_grip_pull_up|ea_assisted_pull_up|ea_assisted_pull_up_close_grip|ea_assisted_pull_up_normal_grip|ea_assisted_pull_up_wide_grip
pullup_bar,17,ea_archer_pull_up|ea_assisted_chin_up_on_a_bench|ea_band_assisted_chin_up_from_knee|ea_bench_pull_ups|ea_bodyweight_muscle_up|ea_chin_up|ea_chin_up_reverse_close_grip|ea_chin_up_reverse_normal_grip|ea_chin_up_reverse_wide_grip|ea_chin_ups_narrow_parallel_grip|ea_chin_up_isometric_and_negative|ea_hanging_knee_raises|ea_hanging_oblique_crunches|ea_monkey_bar_swings|ea_pull_up_normal_grip|ea_pull_up_wide_grip|ea_pull_up_wide_grip_front_view
dip_station,6,ea_ab_tuck|ea_chest_dip|ea_chest_dip_on_dip_station|ea_chest_dip_weighted|ea_chest_dip_weighted_slow|ea_chest_dip_with_pause_bodyweight
preacher_curl_bench,13,ea_barbell_preacher_curl|ea_dumbbell_hammer_preacher_curl_simultaneous_arms|ea_dumbbell_one_arm_hammer_preacher_curl|ea_dumbbell_one_arm_reverse_preacher_curl|ea_dumbbell_preacher_curl|ea_dumbbell_preacher_curl_turned_torso|ea_dumbbell_seated_preacher_curl|ea_dumbbell_standing_preacher_curl|ea_dumbbell_zottman_preacher_curl|ea_preacher_curl_dumbbells_simultaneous|ea_preacher_curl_ez_bar|ea_preacher_curl_ez_bar_close_grip|ea_preacher_curl_ez_bar_wide_grip
bicep_curl_machine,4,ea_hammer_strength_mts_iso_lateral_biceps_curl_alternate_arm|ea_hammer_strength_mts_iso_lateral_biceps_curl_arm_alternating|ea_hammer_strength_mts_iso_lateral_biceps_curl_both_arm|ea_hammer_strength_mts_iso_lateral_biceps_curl_single_arm
tricep_extension_machine,1,ea_tricep_extension_machine
ab_crunch_machine,1,ea_abdominal_crunches_machine
rotary_torso_machine,0,
back_extension,9,ea_45_degree_bicycle_twist_knee_to_elbow|ea_45_degree_bicycle_twisting|ea_45_degree_bicycle_twisting_crunch|ea_45_degree_hyperextension_arms_in_front_of_chest|ea_45_degree_hyperextension_arms_to_chest|ea_45_degree_side_bend|ea_45_degree_twisting_hyperextension|ea_back_extension_machine|ea_weighted_back_extensions_on_hyperextension_bench
captains_chair,3,ea_captains_chair_leg_raise|ea_captains_chair_straight_leg_raise|ea_leg_raises_straight_legs
adjustable_bench,12,ea_armless_prayer_stretch|ea_back_and_shoulder_stretch|ea_back_stretch_dynamic|ea_barbell_front_bench_squat|ea_bodyweight_hip_thrust|ea_chest_dip_on_bench|ea_donkey_calf_raise|ea_leg_extended_stretch_on_bench|ea_resistance_band_reverse_hyper_with_stability_ball_on_flat_bench|ea_spider_curl_ez_bar|ea_standing_gastrocnemius_stretch|ea_standing_leg_elevated_hamstring_stretch
ez_curl_bar,9,ea_ez_bar_biceps_curl_close_grip|ea_ez_bar_biceps_curl_normal_grip|ea_ez_bar_biceps_curl_wide_grip|ea_ez_bar_overhead_extensions_standing|ea_ez_bar_seated_close_grip_shoulder_press|ea_ez_bar_standing_front_raise|ea_ez_barbell_close_grip_curl|ea_ez_barbell_curl|ea_upright_row_ez_bar
weight_plates,53,ea_assisted_weighted_push_up|ea_crawl_with_sled_drag|ea_low_sled_push|ea_over_head_weight_sit_up|ea_plate_alternating_deadstop_row|ea_plate_car_driver|ea_plate_clean|ea_plate_clean_and_press|ea_plate_curl_to_overhead_press|ea_plate_curl_to_overhead_press_to_tricep_extension|ea_plate_curtsy_lunge|ea_plate_deadlift|ea_plate_deficit_lunge|ea_plate_deficit_pushup|ea_plate_forward_lunge|ea_plate_front_raise|ea_plate_full_front_raise|ea_plate_glute_bridge_to_chest_press|ea_plate_glute_bridge_to_pullover|ea_plate_good_morning|ea_plate_good_morning_anterior|ea_plate_halo|ea_plate_hollow_hold|ea_plate_internally_rotated_rear_delt_fly|ea_plate_lateral_lunge|ea_plate_lateral_raise|ea_plate_overhead_carry|ea_plate_overhead_press_to_tricep_extension|ea_plate_overhead_shrug|ea_plate_overhead_tricep_extension|ea_plate_overhead_walking_lunge|ea_plate_pinch_grip_deadlift|ea_plate_pinch_grip_row|ea_plate_pinch_grip_side_bend|ea_plate_reach|ea_plate_rear_delt_fly|ea_plate_russian_twist|ea_plate_single_leg_deadlift|ea_plate_single_leg_pinch_grip_deadlift|ea_plate_situp|ea_plate_squat_hold|ea_plate_squat_hold_biceps_curl|ea_plate_squat_hold_reach|ea_plate_squat_reach|ea_plate_staggered_deadlift|ea_plate_staggered_pinch_grip_deadlift|ea_plate_standing_twist|ea_plate_thruster|ea_plate_wood_chopper|ea_pull_sled_or_dog_sled_push|ea_trap_bar_deadlift|ea_trap_bar_shrug|ea_weighted_standing_shoulder_press_with_plate
resistance_bands,130,ea_alternate_biceps_curl_resistance_band|ea_alternating_biceps_hammer_curl_resistance_band|ea_arnold_press_cable_resistance_band_standing|ea_band_behind_neck_shoulder_press|ea_band_bent_over_one_arm_kickback|ea_band_bent_over_hip_extension|ea_band_bent_over_row|ea_band_bicycle_crunch|ea_band_chest_fly|ea_band_close_grip_row|ea_band_close_grip_biceps_curl|ea_band_cross_abduction|ea_band_cross_body_one_arm_chest_press|ea_band_cross_chest_biceps_curl|ea_band_deadlift|ea_band_face_pull|ea_band_fixed_back_underhand_pulldown|ea_band_front_face_pull|ea_band_front_raise|ea_band_high_fly|ea_band_horizontal_shrug|ea_band_incline_palms_back_press|ea_band_kneeling_crunch|ea_band_kneeling_preacher_curl|ea_band_kneeling_rear_kick|ea_band_leg_press|ea_band_low_alternate_chest_press|ea_band_low_chest_fly|ea_band_low_chest_press|ea_band_lying_press_down|ea_band_pallof_press|ea_band_palloff_press|ea_band_pullthrough|ea_band_push_up|ea_band_seated_lateral_raise|ea_band_seated_neutral_grip_shoulders_press|ea_band_seated_shoulder_press|ea_band_side_bend|ea_band_single_arm_overhead_press|ea_band_single_arm_pec_fly|ea_band_single_leg_split_squat|ea_band_spanish_split_squat|ea_band_squat_row|ea_band_standing_leg_curl|ea_band_standing_rear_delt_row|ea_band_triceps_pushdown_single_arm|ea_band_two_legs_calf_raise_band_under_both_legs_version_2|ea_band_warm_up_shoulder_stretch|ea_band_wrist_curl_single_arm|ea_band_y_raise|ea_banded_feet_elevated_hip_thrusters|ea_behind_neck_press_resistance_band_cable|ea_bent_over_rear_deltoid_fly_resistance_band|ea_bent_over_row_resistance_band|ea_biceps_curl_resistance_band|ea_biceps_curl_to_shoulder_press_resistance_band|ea_bulgarian_split_squat_cable_resistance_band|ea_calf_stretch_with_rope|ea_chair_back_lunge_left_resistance_band|ea_chair_back_lunge_right_resistance_band|ea_chest_fly_low_to_high_resistance_band|ea_chest_press_front_resistance_band|ea_chest_press_low_to_high_resistance_band|ea_curtsy_lunges_resistance_band|ea_drag_curl_resistance_band|ea_floor_cable_resistance_band_press|ea_front_raise_resistance_bands|ea_good_morning_resistance_band|ea_hammer_curl_resistance_band_simultaneous|ea_high_resistance_band_kneeling_crunch|ea_intermediate_hip_flexor_and_quad_stretch|ea_jump_rope_face_pull|ea_lateral_band_walks|ea_lateral_raise_to_shoulder_press_resistance_band_cable|ea_lunge_reverse_with_resistance_band|ea_lying_abs_resistance_band|ea_lying_pull_over_with_resistance_band_cable|ea_overhead_extension_resistance_band_both_arms|ea_pull_apart_cable_resistance_band|ea_rear_deltoid_fly_cable_resistance_band|ea_resistance_band_cable_row|ea_resistance_band_bent_leg_kickback_kneeling|ea_resistance_band_calf_press_sitting_on_chair|ea_resistance_band_clam|ea_resistance_band_face_pull|ea_resistance_band_floor_hyperextension|ea_resistance_band_glute_bridge|ea_resistance_band_glute_bridge_abduction|ea_resistance_band_glute_bridge_version2|ea_resistance_band_hip_thrust_version_2|ea_resistance_band_hip_thrusts_on_knees|ea_resistance_band_kneeling_leg_half_circle|ea_resistance_band_kneeling_leg_half_circle_on_bench|ea_resistance_band_leg_curl|ea_resistance_band_leg_kickback|ea_resistance_band_lying_abduction|ea_resistance_band_lying_bent_knee_hip_abduction|ea_resistance_band_lying_bent_knee_raise|ea_resistance_band_lying_hyperextension_abduction|ea_resistance_band_lying_leg_raise|ea_resistance_band_one_leg_glute_bridge|ea_resistance_band_one_leg_kickback_bent_position|ea_resistance_band_pull_apart|ea_resistance_band_seated_bent_knee_abduction|ea_resistance_band_shoulder_adduction|ea_resistance_band_side_plank_glute_raise|ea_resistance_band_squat|ea_resistance_band_squat_jump|ea_resistance_band_standing_balance_glute_kickback|ea_resistance_band_standing_balance_glute_kickback_version_2|ea_resistance_band_standing_balance_hip_abduction|ea_resistance_band_standing_external_rotation|ea_resistance_band_standing_hip_abduction|ea_resistance_band_standing_single_arm_shoulder_extension|ea_resistance_band_standing_single_arm_shoulder_flexion|ea_resistance_band_upper_body_dead_bug|ea_resistance_bands_facepull|ea_reverse_grip_resistance_band_simultaneous|ea_reverse_lunge_left_resistance_band|ea_seated_resistance_band_cable_rows|ea_side_lateral_raise_resistance_band|ea_single_arm_overhead_extension_resistance_band|ea_standing_calf_raise_resistance_band|ea_standing_hamstring_calf_stretch_with_resistance_band|ea_sumo_squat_in_between_legs_resistance_band|ea_sumo_squat_over_shoulder_resistance_band|ea_superman_pulls_resistance_band|ea_theraband_scapula_retraction|ea_upright_row_cable_resistance_band|ea_zotman_curls_resistance_band_simultaneous
trx,33,ea_suspension_trainer_with_grips_abdominal_fallout|ea_suspension_trainer_with_grips_bent_knee_inverted_row|ea_suspension_trainer_with_grips_chest_fly|ea_suspension_trainer_with_grips_chin_up|ea_suspension_trainer_with_grips_decline_push_up|ea_suspension_trainer_with_grips_face_pull|ea_suspension_trainer_with_grips_front_raise|ea_suspension_trainer_with_grips_hanging_knees_to_elbows|ea_suspension_trainer_with_grips_hanging_leg_hip_raise|ea_suspension_trainer_with_grips_hanging_straight_leg_hip_raise|ea_suspension_trainer_with_grips_high_row|ea_suspension_trainer_with_grips_hip_bridge|ea_suspension_trainer_with_grips_inverted_row|ea_suspension_trainer_with_grips_inverted_row_arm_twist|ea_suspension_trainer_with_grips_inverted_row_on_floor|ea_suspension_trainer_with_grips_knee_tuck_row|ea_suspension_trainer_with_grips_leg_curl|ea_suspension_trainer_with_grips_mountain_climber|ea_suspension_trainer_with_grips_pike|ea_suspension_trainer_with_grips_pull_through|ea_suspension_trainer_with_grips_pull_up|ea_suspension_trainer_with_grips_push_up_to_side_plank|ea_suspension_trainer_with_grips_rear_delt_row|ea_suspension_trainer_with_grips_reverse_ab_rollout|ea_suspension_trainer_with_grips_reverse_push_up|ea_suspension_trainer_with_grips_side_squat|ea_suspension_trainer_with_grips_single_arm_rear_delt_row|ea_suspension_trainer_with_grips_split_fly|ea_suspension_trainer_with_grips_split_squat|ea_suspension_trainer_with_grips_straight_hip_leg_curl|ea_suspension_trainer_with_grips_supine_crunch|ea_suspension_trainer_with_grips_triceps_extension|ea_suspension_trainer_with_grips_wide_grip_inverted_row_on_floor_1
medicine_ball,16,ea_ball_slams|ea_crunch_with_medicine_ball|ea_hold_the_world_med_ball|ea_low_rotational_med_ball_chops_quarter_squat_rotating_med_ball_left_and_ride_across_core|ea_med_ball_front_squat_raise|ea_med_ball_half_kneeling_wood_choppers|ea_med_ball_jumping_jacks|ea_med_ball_side_wall_slams|ea_med_ball_slam_burpees|ea_med_ball_toe_touches|ea_medicine_ball_chest_throw_with_abs|ea_medicine_ball_jumps|ea_medicine_ball_rotational_throw|ea_overhead_med_ball_throw|ea_russian_twist_weighted_ball|ea_the_wall_ball
battle_ropes,3,ea_battle_rope_alternating_arm_waves|ea_battle_rope_double_arm_slams|ea_sled_battle_rope_pull
plyo_box,25,ea_back_squeeze|ea_bodyweight_feet_elevated_figure_four_glute_bridge|ea_bodyweight_feet_elevated_staggered_glute_bridge|ea_bodyweight_step_up_on_step_box|ea_box_jump|ea_box_jump_squats|ea_box_sled_push|ea_bulgarian_split_squat_bodyweight_left|ea_bulgarian_split_squat_bodyweight_right|ea_bulgarian_split_squat_left_bodyweight_side_view|ea_bulgarian_split_squat_right_bodyweight_side_view|ea_calves_stretch_on_step|ea_decline_kneeling_push_up|ea_decline_kneeling_push_up_on_box|ea_dumbbell_feet_elevated_single_leg_glute_bridge|ea_dumbbell_feet_elevated_staggered_glute_bridge|ea_elevated_pike_shoulder_shrug|ea_incline_push_up_on_box|ea_lateral_box_jump|ea_low_box_lateral_runner|ea_low_box_quick_feet|ea_pistol_squat_to_box|ea_reverse_shoulder_stretch|ea_unilateral_box_jump|ea_unilateral_box_jump_bilateral_deceleration
punching_bag,1,ea_heavy_bag_sled_drag
foam_roller,4,ea_foam_roller_back|ea_foam_roller_calves|ea_foam_roller_lateral_quads|ea_foam_roller_quads
stability_ball,22,ea_back_extension_on_exercise_ball|ea_ball_headlock_squat|ea_ball_sit_up|ea_bent_knee_lying_twist_on_stability_ball|ea_chest_stretch_with_exercise_ball|ea_crunch_legs_on_stability_ball|ea_crunch_on_stability_ball|ea_exercise_ball_back_extension_with_hands_behind_head|ea_exercise_ball_back_stretch|ea_exercise_ball_body_saw|ea_exercise_ball_hip_flexor_stretch|ea_exercise_ball_lat_stretch|ea_exercise_ball_leg_curl|ea_exercise_ball_lower_back_dynamic_stretch|ea_exercise_ball_lower_back_prone_stretch|ea_exercise_ball_lying_side_lat_stretch|ea_exercise_ball_lying_side_lat_stretch_v_2|ea_exercise_ball_one_legged_diagonal_kick_hamstring_curl|ea_exercise_ball_seated_hamstring_stretch|ea_exercise_ball_seated_quad_stretch|ea_exercise_ball_sit_ups|ea_exercise_ball_wall_squat
skipping_rope,4,ea_jump_rope_alternating_foot|ea_jump_rope_basic_jump|ea_jump_rope_double_bounce|ea_jump_rope_row
ab_wheel,11,ea_ab_wheel_all_the_way_out|ea_ab_wheel_halfway_out|ea_ab_wheel_left_out|ea_ab_wheel_plank|ea_ab_wheel_pulses|ea_ab_wheel_right_out|ea_ab_wheel_take_it_or_leave_it|ea_reverse_ab_wheel_rollout|ea_standing_ab_wheel_rollout|ea_wheels_to_heaven|ea_wheels_to_toes
parallettes,2,ea_elevated_push_up|ea_l_sit_hold
seated_dip_machine,2,ea_chest_dip_machine|ea_triceps_dip_machine
multi_hip_machine,1,ea_multi_hip_glute_extension
lateral_raise_machine,1,ea_machine_lateral_raise
sissy_squat_machine,1,ea_dumbbell_supported_sissy_squat
agility_ladder,10,ea_agility_ladder_advanced_hop_position|ea_agility_ladder_advanced_single_leg|ea_agility_ladder_advancing_laterally_switching_base|ea_agility_ladder_in_in_out_out|ea_agility_ladder_in_in_out_out_moving_laterally|ea_agility_ladder_in_in_out_out_with_knee_lift|ea_agility_ladder_lateral_movement_in_in_out|ea_agility_ladder_lateral_movement_with_double_hop|ea_agility_ladder_skipping_1_touch|ea_agility_ladder_skipping_2_touches
mini_trampoline,6,ea_rebounder_high_knee_runs|ea_rebounder_in_out_from_ground|ea_rebounder_in_out_jacks|ea_rebounder_knee_jumps|ea_rebounder_knee_pushes|ea_rebounder_light_jumps
balance_board,2,ea_balance_board_version_2|ea_balance_board_lateral_squat
yoga_blocks,5,ea_child_pose_elbows_on_block|ea_crescent_moon_pose_quad_stretch_with_block|ea_extended_side_angle_pose_with_block|ea_pyramid_pose_blocks|ea_pyramid_pose_calf_blocks
weighted_sled,2,ea_lateral_sled_drag|ea_sled_drag_and_row
ab_mat,1,ea_ab_mat_sit_up
bosu_ball,1,ea_crunch_on_bosu_ball
sliding_disc,1,ea_curtsy_lunge_slide_with_towel
sandbag,1,ea_sandbag_cleans
gymnastic_rings,1,ea_ring_dips
tyre,2,ea_tyre_flip|ea_tyre_hammering
vertical_pole,2,ea_dragonfly|ea_fixed_bar_stretch
outdoor_air_walker,3,ea_air_swing_running|ea_air_swing_side_to_side_swing|ea_air_swing_walking
(none),503,ea_180_jump_turns|ea_3_leg_chatarunga_pose|ea_3_leg_dog_pose|ea_3_4_sit_up|ea_4_corners_curtsy|ea_4_corners_side_step|ea_4_punches_side_squat|ea_4_reverse_lunge_and_4_side_taps|ea_45_degrees_step_out|ea_5_sec_fist_against_chin|ea_90_degree_heel_touch|ea_90_degree_heels_touch|ea_90_to_90_stretch|ea_abdominal_crunches|ea_abdominal_crunches_with_hold|ea_abdominal_stretch|ea_abdominal_stretch_version2|ea_above_head_chest_stretch|ea_abs_snails|ea_across_chest_shoulder_stretch|ea_adductor_dynamic_stretch|ea_adductor_stretch|ea_adductor_stretch_side_standing|ea_air_bike|ea_air_bike_version_2|ea_air_bike_crunch|ea_air_punches_march|ea_air_twisting_crunch|ea_all_fours_quad_stretch|ea_alternate_arm_leg_plank|ea_alternate_arm_leg_plank_hold|ea_alternate_arm_leg_plank_rest_pause|ea_alternate_front_kick_in_place|ea_alternate_heel_touch_side_kick_squat|ea_alternate_heel_touches|ea_alternate_leg_pull|ea_alternate_leg_raise|ea_alternate_leg_raise_from_reverse_plank_position|ea_alternate_leg_raise_with_head_up|ea_alternate_lying_floor_leg_raise|ea_alternate_oblique_crunch|ea_alternate_punching|ea_alternate_single_leg_raises_plank|ea_alternate_sprinter_lunge|ea_alternate_superman|ea_alternate_toe_tap_leg_lift|ea_alternating_hamstring_curl|ea_alternating_hamstring_curl_with_punch|ea_alternating_leg_downward_dog|ea_alternating_leg_lifts ...+453
