"arm","sheet","sha256","bytes"
"A","sheet_01.jpg","9d9719d6477831df04b84f1e26401e3aba60b457a85b20e3d9381e5b64737796","303680"
"A","sheet_02.jpg","b82d144c7c1a989ef78d84f9457a11049db9bbd23cc827b74f5078a450de1f56","369689"
"A","sheet_03.jpg","5f937163b2c6d2491f9c231c5fb0d0c42a6ab18713933b706f4ad0e44fecd972","312829"
"A","sheet_04.jpg","a100e9f88baeb8c3e27c2c658cd5b9dcf7569dd902d254a4424ecc3a81c29b4f","413343"
"A","sheet_05.jpg","9cb058dc36d71f91b53711d6fbfb65ab5cc909d9ce3e5689e06cb948d75a4e60","513739"
"A","sheet_06.jpg","7b0f4390f3c27c2ca2e4eaf0a7ab9589be496190115a196bf4cdfac78dfc74f6","324651"
"A","sheet_07.jpg","b082820139806abbfb62f48681c86ebaa4f7953c2e51363e8eda836eb338d6d0","363385"
"A","sheet_08.jpg","29f6baffe72b0c0de6ab0ec1a91b9e8732749bd595e83908528fe8db7cdd8a91","409303"
"A","sheet_09.jpg","9c500a32dad44a80642078885e8ea7b4dca06ca2da2736d07f851d9c8e02a83c","352274"
"A","sheet_10.jpg","d70b8b658ce43527fb52f22eacc58d62cc9fe54f873324361d658ae2ef3a7c89","347828"
"A","sheet_11.jpg","c8e520198c5e2b919ecaf212a9d33c0a515d9db628474ce73cc97aed02bfc55b","400042"
"A","sheet_12.jpg","fe7e71e8622e44016f21d1afb64abe77be8ae1a772ae258dd55d2fe3ae151517","377786"
"A","sheet_13.jpg","91108d483502b2e861cc9ddd04691010c8beb3f72b8f5eb57d28709f856c5903","365927"
"B","sheet_01.jpg","03f0cdbd34c31e8c6b4f2ab635e7bc097664966aafce7037a159bba374a104e0","479216"
"B","sheet_02.jpg","36851d8567cf7c8d965ead82096a40445750c49d45e7746dace21d755afc8207","509731"
"B","sheet_03.jpg","f122f0fa6efbfdc8a5ac93da218e9ddcebd7d0dd678d25c3efff065aa38ba341","519083"
"B","sheet_04.jpg","f52d9217deec222fa749a3cfb165427675e66d4bf94d5c916b88814c498bff3b","604538"
"B","sheet_05.jpg","aaafa431a783f06976ba93795a652a8877cf45b30de25323a68d79e81375922b","594923"
"B","sheet_06.jpg","dd75ef2bade8b19be79d80e679fc007f99b2c236cd518f22bb21f8ac9d2fc4ea","466005"
"B","sheet_07.jpg","ae72da5264de59c40727e3aff753d8fd2803c88eadd6ee958bc162542c930abc","524164"
"B","sheet_08.jpg","e5b7e78dd04edfed8f391b35e51256b957a7970fdd2122f6dc571d252fecacfd","587846"
"B","sheet_09.jpg","aa50cbb7ab46015e11548b12a9a639155445c0d9c344e39d191c6d20ccfad02b","523503"
"B","sheet_10.jpg","5d03a360a7b91e38dd197621361ed325bd91fb8a78ced8dfed60ce5649c37111","505783"
"B","sheet_11.jpg","ed5be887ac1a74c1ae3b0ea647829d668c1ff4cb72d07e571cab9400d941fa69","609743"
"B","sheet_12.jpg","88e9afedbdcd041b420bda2c25bcd78a650ebd41855fbbeff5217e48a7e14779","588745"
"B","sheet_13.jpg","4150138ad3fb21b72c14f061340d16f34d90da36c128017ae9e909b085726612","532596"
